IPs to Allowlist [SALESFORCE CONFIDENTIAL],Updated 29 November 2023 10:13am PDT
Hyperforce Instance,EIP Address
aws-useast2,155.226.156.0/23
aws-useast2,192.157.32.0/24
aws-useast2,192.157.32.5/32
aws-useast2,192.157.32.1/32
aws-useast2,192.157.32.3/32
aws-useast2,192.157.32.4/32
aws-useast2,192.157.32.0/32
aws-useast2,192.157.32.2/32
aws-cacentral1,155.226.152.0/23
aws-cacentral1,3.97.226.192/32
aws-cacentral1,3.98.2.135/32
aws-cacentral1,3.98.8.160/32
aws-cacentral1,3.97.246.224/32
aws-cacentral1,3.98.40.214/32
aws-cacentral1,99.79.13.33/32
aws-uswest2,155.226.128.0/21
aws-uswest2,100.20.188.121/32
aws-uswest2,100.21.44.184/32
aws-uswest2,44.233.69.21/32
aws-uswest2,44.237.79.66/32
aws-uswest2,52.36.20.11/32
aws-uswest2,44.235.94.100/32
aws-uswest2,35.161.141.162/32
aws-uswest2,35.80.213.208/32
aws-uswest2,44.234.249.148/32
aws-uswest2,44.241.73.113/32
aws-uswest2,52.40.154.108/32
aws-uswest2,52.43.157.174/32
aws-uswest2,44.229.102.225/32
aws-uswest2,52.10.56.17/32
aws-uswest2,44.225.207.136/32
aws-uswest2,54.212.118.222/32
aws-uswest2,34.218.219.0/32
aws-uswest2,52.37.187.105/32
aws-saeast1,155.226.188.0/23
aws-saeast1,177.71.229.247/32
aws-saeast1,18.228.207.180/32
aws-saeast1,18.228.66.156/32
aws-saeast1,18.230.128.139/32
aws-saeast1,54.207.153.164/32
aws-saeast1,54.94.21.95/32
aws-eucentral2,145.224.198.0/24
aws-eucentral2,16.62.98.163/32
aws-eucentral2,16.63.42.112/32
aws-eucentral2,16.62.92.172/32
aws-eucentral2,16.63.42.251/32
aws-eucentral2,16.62.175.66/32
aws-eucentral2,16.62.104.149/32
aws-eucentral1,145.224.208.0/23
aws-eucentral1,3.123.235.151/32
aws-eucentral1,3.74.205.166/32
aws-eucentral1,3.74.105.255/32
aws-eucentral1,3.74.204.24/32
aws-eucentral1,3.123.211.78/32
aws-eucentral1,18.192.191.54/32
aws-eucentral1,18.158.141.208/32
aws-eucentral1,18.158.197.13/32
aws-eucentral1,3.123.86.102/32
aws-eucentral1,35.157.191.28/32
aws-eucentral1,18.198.236.19/32
aws-eucentral1,3.64.188.82/32
aws-mecentral1,145.224.194.0/24
aws-mecentral1,3.28.171.97/32
aws-mecentral1,3.29.155.56/32
aws-mecentral1,3.29.0.188/32
aws-mecentral1,3.28.247.201/32
aws-mecentral1,3.29.179.89/32
aws-mecentral1,3.29.51.25/32
aws-apsouth1,141.163.204.0/23
aws-apsouth1,13.127.212.138/32
aws-apsouth1,15.207.181.18/32
aws-apsouth1,15.207.182.186/32
aws-apsouth1,15.206.226.165/32
aws-apsouth1,3.6.203.25/32
aws-apsouth1,65.0.79.252/32
aws-apsoutheast2,141.163.192.0/23
aws-apsoutheast2,13.210.180.120/32
aws-apsoutheast2,13.238.98.67/32
aws-apsoutheast2,54.252.37.181/32
aws-apsoutheast2,13.54.228.64/32
aws-apsoutheast2,3.105.213.105/32
aws-apsoutheast2,52.63.169.21/32
aws-apnortheast1,141.163.208.0/23
aws-apnortheast1,18.181.43.11/32
aws-apnortheast1,35.73.89.117/32
aws-apnortheast1,54.95.206.252/32
aws-apnortheast1,35.73.6.227/32
aws-apnortheast1,54.150.150.203/32
aws-apnortheast1,54.178.4.244/32
aws-apsoutheast1,141.163.196.0/23
aws-apsoutheast1,13.213.133.240/32
aws-apsoutheast1,13.250.175.171/32
aws-apsoutheast1,13.251.9.241/32
aws-apsoutheast1,54.254.118.123/32
aws-apsoutheast1,18.139.129.19/32
aws-apsoutheast1,52.221.176.129/32
aws-euwest3,145.224.212.0/24
aws-euwest3,13.37.59.29/32
aws-euwest3,15.236.110.244/32
aws-euwest3,15.236.160.173/32
aws-euwest3,13.37.73.160/32
aws-euwest3,15.188.21.129/32
aws-euwest3,35.181.111.6/32
aws-eunorth1,145.224.204.0/23
aws-eunorth1,16.16.16.155/32
aws-eunorth1,13.51.112.202/32
aws-eunorth1,16.16.10.27/32
aws-eunorth1,13.48.236.205/32
aws-eunorth1,16.170.78.147/32
aws-eunorth1,16.16.40.254/32
aws-useast1,155.226.144.0/22
aws-useast1,18.204.28.162/32
aws-useast1,18.214.12.209/32
aws-useast1,34.202.86.120/32
aws-useast1,52.44.156.44/32
aws-useast1,3.225.240.254/32
aws-useast1,34.204.111.166/32
aws-euwest2,145.224.200.0/23
aws-euwest2,18.135.239.15/32
aws-euwest2,18.170.134.202/32
aws-euwest2,52.56.93.218/32
aws-euwest2,18.169.180.159/32
aws-euwest2,18.170.168.128/32
aws-euwest2,35.179.35.178/32
aws-apnortheast2,141.163.200.0/23
aws-apnortheast2,13.124.20.192/32
aws-apnortheast2,43.200.62.239/32
aws-apnortheast2,43.200.68.114/32
aws-apnortheast2,15.164.190.110/32
aws-apnortheast2,3.38.222.219/32
aws-apnortheast2,43.200.10.234/32
aws-apsoutheast3,141.163.212.0/24
aws-apsoutheast3,108.137.53.145/32
aws-apsoutheast3,108.137.36.238/32
aws-apsoutheast3,108.137.42.152/32
aws-apsoutheast3,108.136.121.194/32
aws-apsoutheast3,43.218.65.36/32
aws-apsoutheast3,43.218.34.15/32
aws-eusouth1,145.224.196.0/24
aws-eusouth1,15.160.107.113/32
aws-eusouth1,15.160.6.137/32
aws-eusouth1,15.161.144.48/32
aws-eusouth1,15.161.14.241/32
aws-eusouth1,18.102.110.146/32
aws-eusouth1,18.102.41.117/32
aws-ilcentral1,145.224.192.0/24